[
    {
        "id": "1",
        "name": "Ноутбук Lenovo",
        "price": "18000",
        "img": "img/cars/notebook_lenovo.jpg"
    },
    {
        "id": "2",
        "name": "Фотокамера Nikon",
        "price": "25000",
        "img": "img/cars/camera_nikon.jpg"
    },
    {
        "id": "3",
        "name": "Apple ipad",
        "price": "35000",
        "img": "img/cars/ipad.jpg"
    },
    {
        "id": "4",
        "name": "Samsung Galaxy",
        "price": "20000",
        "img": "img/cars/phone_galaxy.jpg"
    },
    {
        "id": "5",
        "name": "Телевизор SUPRA",
        "price": "19000",
        "img": "img/cars/tv_supra.jpg"
    }
]